{"cameraMode":{"drawMode":0,"name":"Shaded","section":"Shading Mode"},"sceneLighting":false,"audioPlay":false,"sceneViewState":{"showFog":true,"showMaterialUpdate":true,"showSkybox":true,"showFlares":true,"showImageEffects":true,"showParticleSystems":true},"in2DMode":false,"pivot":{"x":-1.4496088027954102,"y":0.1829766184091568,"z":-0.3092193603515625},"rotation":{"x":0.07495927810668946,"y":-0.08633654564619065,"z":0.006513542961329222,"w":0.9934207201004028},"size":2.4452342987060549,"orthographic":false}