{"cameraMode":{"drawMode":0,"name":"Shaded","section":"Shading Mode"},"sceneLighting":false,"audioPlay":false,"sceneViewState":{"showFog":false,"showMaterialUpdate":false,"showSkybox":false,"showFlares":false,"showImageEffects":false,"showParticleSystems":false},"in2DMode":false,"pivot":{"x":66.02567291259766,"y":50.648895263671878,"z":-82.98773956298828},"rotation":{"x":0.0003258958167862147,"y":-0.9880383014678955,"z":0.1541946977376938,"w":0.0020795417949557306},"size":373.6524353027344,"orthographic":false}