{"cameraMode":{"drawMode":0,"name":"Shaded","section":"Shading Mode"},"sceneLighting":true,"audioPlay":false,"sceneViewState":{"showFog":false,"showMaterialUpdate":false,"showSkybox":false,"showFlares":false,"showImageEffects":false,"showParticleSystems":false},"in2DMode":false,"pivot":{"x":0.1806398630142212,"y":1.3681763410568238,"z":0.39188963174819949},"rotation":{"x":0.2938445210456848,"y":0.633450448513031,"z":-0.28311973810195925,"w":0.6574490666389465},"size":5.577364444732666,"orthographic":false}