{"cameraMode":{"drawMode":0,"name":"Shaded","section":"Shading Mode"},"sceneLighting":true,"audioPlay":false,"sceneViewState":{"showFog":true,"showMaterialUpdate":true,"showSkybox":true,"showFlares":true,"showImageEffects":true,"showParticleSystems":true},"in2DMode":false,"pivot":{"x":-4.053301811218262,"y":-9.080107688903809,"z":13.11655044555664},"rotation":{"x":0.18955636024475099,"y":-0.03209076076745987,"z":0.0061982376500964169,"w":0.9813257455825806},"size":36.253868103027347,"orthographic":false}