{"cameraMode":{"drawMode":0,"name":"Shaded","section":"Shading Mode"},"sceneLighting":true,"audioPlay":false,"sceneViewState":{"showFog":true,"showMaterialUpdate":true,"showSkybox":true,"showFlares":true,"showImageEffects":true,"showParticleSystems":true},"in2DMode":false,"pivot":{"x":302.99456787109377,"y":496.3501281738281,"z":-23.0330810546875},"rotation":{"x":0.05877954140305519,"y":-0.0011876635253429413,"z":0.0000694118207320571,"w":0.9982702732086182},"size":653.8538208007813,"orthographic":false}