{"cameraMode":{"drawMode":0,"name":"Shaded","section":"Shading Mode"},"sceneLighting":true,"audioPlay":false,"sceneViewState":{"showFog":false,"showMaterialUpdate":false,"showSkybox":false,"showFlares":false,"showImageEffects":false,"showParticleSystems":false},"in2DMode":false,"pivot":{"x":-10.132719039916993,"y":0.6556161642074585,"z":-0.17405880987644196},"rotation":{"x":0.1726095825433731,"y":-0.6887833476066589,"z":0.1742706447839737,"w":0.6822120547294617},"size":19.282663345336915,"orthographic":false}